FileName,Gender,SpeakerID,RecordingID,MFCC_1,MFCC_2,MFCC_3,MFCC_4,MFCC_5,MFCC_6,MFCC_7,MFCC_8,MFCC_9,MFCC_10
audio1_test.opus,m,10,1,-317.2974,105.64744,10.407159,48.29013,-22.114471,-2.826653,-2.2432,-7.2166986,-14.227232,-8.6169
audio2_test.opus,m,10,2,-337.66364,104.83224,22.227741,55.191723,-13.665516,-3.6980011,2.1107068,-4.867695,-14.991178,-9.524954
